teacher_name,email,mobile,subjects,mentees
asdwadw,asd@dfaef.asd,9000000000,66c31235af1a9673ac4d8da9,66f05b77009df043a11fb0b4
asdwdfg,azsdfwe@asdwa.com,9000000001,66c31235af1a9673ac4d8da9,66f05b77009df043a11fb0b4
sdfgerge,asdfw@sdwad.com,9000000002,66c31235af1a9673ac4d8da9,66f05b77009df043a11fb0b4
rsf,adfwda@sawds.com,9000000003,66c31235af1a9673ac4d8da9,66f05b77009df043a11fb0b4
fe,ghsjdfioj@asou.com,9000000004,66c31235af1a9673ac4d8da9,66f05b77009df043a11fb0b4
asdf,Adfiic@askdfmnew.com,9000000005,66c31235af1a9673ac4d8da9,66f05b77009df043a11fb0b4
gf,aisdji@iandoiw.com,9000000006,66c31235af1a9673ac4d8da9,66f05b77009df043a11fb0b4
fe,dfoodnoanwo@asdcw.com,9000000007,66c31235af1a9673ac4d8da9,66f05b77009df043a11fb0b4
ef,iasdmnfi@ifmnef.com,9000000008,66c31235af1a9673ac4d8da9,66f05b77009df043a11fb0b4
ef,aisfio@dnf.com,9000000009,66c31235af1a9673ac4d8da9,66f05b77009df043a11fb0b4
fg,indfon@cionamf.com,9000000010,66c31235af1a9673ac4d8da9,66f05b77009df043a11fb0b4
gg,dfnediofemcmmimw@.com,9000000011,66c31235af1a9673ac4d8da9,66f05b77009df043a11fb0b4
g,imnona@oin.vo,9000000012,66c31235af1a9673ac4d8da9,66f05b77009df043a11fb0b4
,,,,
